job,timestamp,src_path,dst_path,action,best_include_keyword,best_include_score,best_exclude_keyword,best_exclude_score
collect_modulus_backward,20260222_210644,C:\Users\Conor O'Brien\Dropbox\03_AML\03 References and Materials\RAW DATA Files\AFM Scans\Particle Density for Fracture Surfaces Verification\102025-CRO\DATA\PEGDA1TPO00SiNP_Sam01_S1\PEGDA01TPO000SiNP_Sam01_S1_P__GrID000_LOC_RC001001-5.00x5.00-Modulus_Backward-251021-CRO.tiff,out\file_collect\collect_20260222_210644_collect_modulus_backward\copied\251021\Backward\PEGDA01TPO000SiNP_Sam01_S1_P__GrID000_LOC_RC001001-5.00x5.00-Modulus_Backward-251021-CRO_b28496ed.tiff,copied,Modulus,1.0000,Forward,0.5333
collect_modulus_backward,20260222_210644,C:\Users\Conor O'Brien\Dropbox\03_AML\03 References and Materials\RAW DATA Files\AFM Scans\Particle Density for Fracture Surfaces Verification\102025-CRO\DATA\PEGDA1TPO00SiNP_Sam01_S1\PEGDA01TPO000SiNP_Sam01_S1_P__GrID001_LOC_RC001002-5.00x5.00-Modulus_Backward-251021-CRO.tiff,out\file_collect\collect_20260222_210644_collect_modulus_backward\copied\251021\Backward\PEGDA01TPO000SiNP_Sam01_S1_P__GrID001_LOC_RC001002-5.00x5.00-Modulus_Backward-251021-CRO_ed44e1e6.tiff,copied,Modulus,1.0000,Forward,0.5333
collect_modulus_backward,20260222_210644,C:\Users\Conor O'Brien\Dropbox\03_AML\03 References and Materials\RAW DATA Files\AFM Scans\Particle Density for Fracture Surfaces Verification\102025-CRO\DATA\PEGDA1TPO00SiNP_Sam01_S1\PEGDA01TPO000SiNP_Sam01_S1_P__GrID002_LOC_RC001001-5.00x5.00-Modulus_Backward-251020-CRO.tiff,out\file_collect\collect_20260222_210644_collect_modulus_backward\copied\251020\Backward\PEGDA01TPO000SiNP_Sam01_S1_P__GrID002_LOC_RC001001-5.00x5.00-Modulus_Backward-251020-CRO_70406af4.tiff,copied,Modulus,1.0000,Forward,0.5333
collect_modulus_backward,20260222_210644,C:\Users\Conor O'Brien\Dropbox\03_AML\03 References and Materials\RAW DATA Files\AFM Scans\Particle Density for Fracture Surfaces Verification\102025-CRO\DATA\PEGDA1TPO00SiNP_Sam01_S1\PEGDA01TPO000SiNP_Sam01_S1_P__GrID002_LOC_RC001005-5.00x5.00-Modulus_Backward-251022-CRO.tiff,out\file_collect\collect_20260222_210644_collect_modulus_backward\copied\251022\Backward\PEGDA01TPO000SiNP_Sam01_S1_P__GrID002_LOC_RC001005-5.00x5.00-Modulus_Backward-251022-CRO_7bbf51d1.tiff,copied,Modulus,1.0000,Forward,0.5333
collect_modulus_backward,20260222_210644,C:\Users\Conor O'Brien\Dropbox\03_AML\03 References and Materials\RAW DATA Files\AFM Scans\Particle Density for Fracture Surfaces Verification\102025-CRO\DATA\PEGDA1TPO00SiNP_Sam01_S1\PEGDA01TPO000SiNP_Sam01_S1_P__GrID003_LOC_RC001006-5.00x5.00-Modulus_Backward-251022-CRO.tiff,out\file_collect\collect_20260222_210644_collect_modulus_backward\copied\251022\Backward\PEGDA01TPO000SiNP_Sam01_S1_P__GrID003_LOC_RC001006-5.00x5.00-Modulus_Backward-251022-CRO_f4227f94.tiff,copied,Modulus,1.0000,Forward,0.5333
collect_modulus_backward,20260222_210644,C:\Users\Conor O'Brien\Dropbox\03_AML\03 References and Materials\RAW DATA Files\AFM Scans\Particle Density for Fracture Surfaces Verification\102025-CRO\DATA\PEGDA1TPO00SiNP_Sam01_S1\PEGDA01TPO000SiNP_Sam01_S1_P__GrID004_LOC_RC001010-5.00x5.00-Modulus_Backward-251022-CRO.tiff,out\file_collect\collect_20260222_210644_collect_modulus_backward\copied\251022\Backward\PEGDA01TPO000SiNP_Sam01_S1_P__GrID004_LOC_RC001010-5.00x5.00-Modulus_Backward-251022-CRO_db9df3ac.tiff,copied,Modulus,1.0000,Forward,0.5333
collect_modulus_backward,20260222_210644,C:\Users\Conor O'Brien\Dropbox\03_AML\03 References and Materials\RAW DATA Files\AFM Scans\Particle Density for Fracture Surfaces Verification\102025-CRO\DATA\PEGDA1TPO00SiNP_Sam01_S1\PEGDA01TPO000SiNP_Sam01_S1_P__GrID005_LOC_RC001010-5.00x5.00-Modulus_Backward-251027-CRO.tiff,out\file_collect\collect_20260222_210644_collect_modulus_backward\copied\251027\Backward\PEGDA01TPO000SiNP_Sam01_S1_P__GrID005_LOC_RC001010-5.00x5.00-Modulus_Backward-251027-CRO_c131d681.tiff,copied,Modulus,1.0000,Forward,0.5333
collect_modulus_backward,20260222_210644,C:\Users\Conor O'Brien\Dropbox\03_AML\03 References and Materials\RAW DATA Files\AFM Scans\Particle Density for Fracture Surfaces Verification\102025-CRO\DATA\PEGDA1TPO00SiNP_Sam01_S1\PEGDA01TPO000SiNP_Sam01_S1_P__GrID006_LOC_RC001011-5.00x5.00-Modulus_Backward-251027-CRO.tiff,out\file_collect\collect_20260222_210644_collect_modulus_backward\copied\251027\Backward\PEGDA01TPO000SiNP_Sam01_S1_P__GrID006_LOC_RC001011-5.00x5.00-Modulus_Backward-251027-CRO_e03beb00.tiff,copied,Modulus,1.0000,Forward,0.5333
collect_modulus_backward,20260222_210644,C:\Users\Conor O'Brien\Dropbox\03_AML\03 References and Materials\RAW DATA Files\AFM Scans\Particle Density for Fracture Surfaces Verification\102025-CRO\DATA\PEGDA1TPO00SiNP_Sam01_S1\PEGDA01TPO000SiNP_Sam01_S1_P__GrID007_LOC_RC001012-5.00x5.00-Modulus_Backward-251027-CRO.tiff,out\file_collect\collect_20260222_210644_collect_modulus_backward\copied\251027\Backward\PEGDA01TPO000SiNP_Sam01_S1_P__GrID007_LOC_RC001012-5.00x5.00-Modulus_Backward-251027-CRO_f614ff0f.tiff,copied,Modulus,1.0000,Forward,0.5333
collect_modulus_backward,20260222_210644,C:\Users\Conor O'Brien\Dropbox\03_AML\03 References and Materials\RAW DATA Files\AFM Scans\Particle Density for Fracture Surfaces Verification\102025-CRO\DATA\PEGDA1TPO00SiNP_Sam01_S1\PEGDA01TPO000SiNP_Sam01_S1_P__GrID008_LOC_RC001016-5.00x5.00-Modulus_Backward-251027-CRO.tiff,out\file_collect\collect_20260222_210644_collect_modulus_backward\copied\251027\Backward\PEGDA01TPO000SiNP_Sam01_S1_P__GrID008_LOC_RC001016-5.00x5.00-Modulus_Backward-251027-CRO_132e35ef.tiff,copied,Modulus,1.0000,Forward,0.5333
collect_modulus_backward,20260222_210644,C:\Users\Conor O'Brien\Dropbox\03_AML\03 References and Materials\RAW DATA Files\AFM Scans\Particle Density for Fracture Surfaces Verification\102025-CRO\DATA\PEGDA1TPO00SiNP_Sam01_S1\PEGDA01TPO000SiNP_Sam01_S1_P__GrID009_LOC_RC001017-5.00x5.00-Modulus_Backward-251027-CRO.tiff,out\file_collect\collect_20260222_210644_collect_modulus_backward\copied\251027\Backward\PEGDA01TPO000SiNP_Sam01_S1_P__GrID009_LOC_RC001017-5.00x5.00-Modulus_Backward-251027-CRO_b6d95952.tiff,copied,Modulus,1.0000,Forward,0.5333
collect_modulus_backward,20260222_210644,C:\Users\Conor O'Brien\Dropbox\03_AML\03 References and Materials\RAW DATA Files\AFM Scans\Particle Density for Fracture Surfaces Verification\102025-CRO\DATA\PEGDA1TPO00SiNP_Sam01_S1\PEGDA01TPO000SiNP_Sam01_S1_P__GrID010_LOC_RC001020-5.00x5.00-Modulus_Backward-251027-CRO.tiff,out\file_collect\collect_20260222_210644_collect_modulus_backward\copied\251027\Backward\PEGDA01TPO000SiNP_Sam01_S1_P__GrID010_LOC_RC001020-5.00x5.00-Modulus_Backward-251027-CRO_5ee6b084.tiff,copied,Modulus,1.0000,Forward,0.5333
collect_modulus_backward,20260222_210644,C:\Users\Conor O'Brien\Dropbox\03_AML\03 References and Materials\RAW DATA Files\AFM Scans\Particle Density for Fracture Surfaces Verification\102025-CRO\DATA\PEGDA1TPO00SiNP_Sam01_S1\PEGDA01TPO000SiNP_Sam01_S1_P__GrID011_LOC_RC001021-5.00x5.00-Modulus_Backward-251027-CRO.tiff,out\file_collect\collect_20260222_210644_collect_modulus_backward\copied\251027\Backward\PEGDA01TPO000SiNP_Sam01_S1_P__GrID011_LOC_RC001021-5.00x5.00-Modulus_Backward-251027-CRO_1a1d5848.tiff,copied,Modulus,1.0000,Forward,0.5333
collect_modulus_backward,20260222_210644,C:\Users\Conor O'Brien\Dropbox\03_AML\03 References and Materials\RAW DATA Files\AFM Scans\Particle Density for Fracture Surfaces Verification\102025-CRO\DATA\PEGDA1TPO00SiNP_Sam01_S1\PEGDA01TPO000SiNP_Sam01_S1_P__GrID012_LOC_RC002001-5.00x5.00-Modulus_Backward-251028-CRO.tiff,out\file_collect\collect_20260222_210644_collect_modulus_backward\copied\251028\Backward\PEGDA01TPO000SiNP_Sam01_S1_P__GrID012_LOC_RC002001-5.00x5.00-Modulus_Backward-251028-CRO_f9f6e61c.tiff,copied,Modulus,1.0000,Forward,0.5333
collect_modulus_backward,20260222_210644,C:\Users\Conor O'Brien\Dropbox\03_AML\03 References and Materials\RAW DATA Files\AFM Scans\Particle Density for Fracture Surfaces Verification\102025-CRO\DATA\PEGDA1TPO00SiNP_Sam01_S1\PEGDA01TPO000SiNP_Sam01_S1_P__GrID013_LOC_RC002002-5.00x5.00-Modulus_Backward-251028-CRO.tiff,out\file_collect\collect_20260222_210644_collect_modulus_backward\copied\251028\Backward\PEGDA01TPO000SiNP_Sam01_S1_P__GrID013_LOC_RC002002-5.00x5.00-Modulus_Backward-251028-CRO_b5c1a689.tiff,copied,Modulus,1.0000,Forward,0.5333
collect_modulus_backward,20260222_210644,C:\Users\Conor O'Brien\Dropbox\03_AML\03 References and Materials\RAW DATA Files\AFM Scans\Particle Density for Fracture Surfaces Verification\102025-CRO\DATA\PEGDA1TPO00SiNP_Sam01_S1\PEGDA01TPO000SiNP_Sam01_S1_P__GrID014_LOC_RC002010-5.00x5.00-Modulus_Backward-251028-CRO.tiff,out\file_collect\collect_20260222_210644_collect_modulus_backward\copied\251028\Backward\PEGDA01TPO000SiNP_Sam01_S1_P__GrID014_LOC_RC002010-5.00x5.00-Modulus_Backward-251028-CRO_c47e5654.tiff,copied,Modulus,1.0000,Forward,0.5333
collect_modulus_backward,20260222_210644,C:\Users\Conor O'Brien\Dropbox\03_AML\03 References and Materials\RAW DATA Files\AFM Scans\Particle Density for Fracture Surfaces Verification\102025-CRO\DATA\PEGDA1TPO00SiNP_Sam01_S1\PEGDA01TPO000SiNP_Sam01_S1_P__GrID015_LOC_RC002011-5.00x5.00-Modulus_Backward-251028-CRO.tiff,out\file_collect\collect_20260222_210644_collect_modulus_backward\copied\251028\Backward\PEGDA01TPO000SiNP_Sam01_S1_P__GrID015_LOC_RC002011-5.00x5.00-Modulus_Backward-251028-CRO_baeefa9a.tiff,copied,Modulus,1.0000,Forward,0.5333
collect_modulus_backward,20260222_210644,C:\Users\Conor O'Brien\Dropbox\03_AML\03 References and Materials\RAW DATA Files\AFM Scans\Particle Density for Fracture Surfaces Verification\102025-CRO\DATA\PEGDA1TPO00SiNP_Sam01_S1\PEGDA01TPO000SiNP_Sam01_S1_P__GrID016_LOC_RC002012-5.00x5.00-Modulus_Backward-251028-CRO.tiff,out\file_collect\collect_20260222_210644_collect_modulus_backward\copied\251028\Backward\PEGDA01TPO000SiNP_Sam01_S1_P__GrID016_LOC_RC002012-5.00x5.00-Modulus_Backward-251028-CRO_04074076.tiff,copied,Modulus,1.0000,Forward,0.5333
collect_modulus_backward,20260222_210644,C:\Users\Conor O'Brien\Dropbox\03_AML\03 References and Materials\RAW DATA Files\AFM Scans\Particle Density for Fracture Surfaces Verification\102025-CRO\DATA\PEGDA1TPO00SiNP_Sam01_S1\PEGDA01TPO000SiNP_Sam01_S1_P__GrID017_LOC_RC002020-5.00x5.00-Modulus_Backward-251028-CRO.tiff,out\file_collect\collect_20260222_210644_collect_modulus_backward\copied\251028\Backward\PEGDA01TPO000SiNP_Sam01_S1_P__GrID017_LOC_RC002020-5.00x5.00-Modulus_Backward-251028-CRO_622c386a.tiff,copied,Modulus,1.0000,Forward,0.5333
collect_modulus_backward,20260222_210644,C:\Users\Conor O'Brien\Dropbox\03_AML\03 References and Materials\RAW DATA Files\AFM Scans\Particle Density for Fracture Surfaces Verification\102025-CRO\DATA\PEGDA1TPO00SiNP_Sam01_S1\PEGDA01TPO000SiNP_Sam01_S1_P__GrID018_LOC_RC002021-5.00x5.00-Modulus_Backward-251028-CRO.tiff,out\file_collect\collect_20260222_210644_collect_modulus_backward\copied\251028\Backward\PEGDA01TPO000SiNP_Sam01_S1_P__GrID018_LOC_RC002021-5.00x5.00-Modulus_Backward-251028-CRO_dc455bee.tiff,copied,Modulus,1.0000,Forward,0.5333
collect_modulus_backward,20260222_210644,C:\Users\Conor O'Brien\Dropbox\03_AML\03 References and Materials\RAW DATA Files\AFM Scans\Particle Density for Fracture Surfaces Verification\102025-CRO\DATA\PEGDA1TPO00SiNP_Sam01_S1\PEGDA01TPO000SiNP_Sam01_S1_P__GrID019_LOC_RC003008-5.00x5.00-Modulus_Backward-251028-CRO.tiff,out\file_collect\collect_20260222_210644_collect_modulus_backward\copied\251028\Backward\PEGDA01TPO000SiNP_Sam01_S1_P__GrID019_LOC_RC003008-5.00x5.00-Modulus_Backward-251028-CRO_1253b746.tiff,copied,Modulus,1.0000,Forward,0.5333
collect_modulus_backward,20260222_210644,C:\Users\Conor O'Brien\Dropbox\03_AML\03 References and Materials\RAW DATA Files\AFM Scans\Particle Density for Fracture Surfaces Verification\102025-CRO\DATA\PEGDA1TPO00SiNP_Sam01_S1\PEGDA01TPO000SiNP_Sam01_S1_P__GrID020_LOC_RC003014-5.00x5.00-Modulus_Backward-251028-CRO.tiff,out\file_collect\collect_20260222_210644_collect_modulus_backward\copied\251028\Backward\PEGDA01TPO000SiNP_Sam01_S1_P__GrID020_LOC_RC003014-5.00x5.00-Modulus_Backward-251028-CRO_5e8cfd64.tiff,copied,Modulus,1.0000,Forward,0.5333
collect_modulus_backward,20260222_210644,C:\Users\Conor O'Brien\Dropbox\03_AML\03 References and Materials\RAW DATA Files\AFM Scans\Particle Density for Fracture Surfaces Verification\102025-CRO\DATA\PEGDA1TPO00SiNP_Sam01_S1\PEGDA01TPO000SiNP_Sam01_S1_P__GrID021_LOC_RC005001-5.00x5.00-Modulus_Backward-251028-CRO.tiff,out\file_collect\collect_20260222_210644_collect_modulus_backward\copied\251028\Backward\PEGDA01TPO000SiNP_Sam01_S1_P__GrID021_LOC_RC005001-5.00x5.00-Modulus_Backward-251028-CRO_b62dc46b.tiff,copied,Modulus,1.0000,Forward,0.5333
collect_modulus_backward,20260222_210644,C:\Users\Conor O'Brien\Dropbox\03_AML\03 References and Materials\RAW DATA Files\AFM Scans\Particle Density for Fracture Surfaces Verification\102025-CRO\DATA\PEGDA1TPO00SiNP_Sam01_S1\PEGDA01TPO000SiNP_Sam01_S1_P__GrID022_LOC_RC005005-5.00x5.00-Modulus_Backward-251028-CRO.tiff,out\file_collect\collect_20260222_210644_collect_modulus_backward\copied\251028\Backward\PEGDA01TPO000SiNP_Sam01_S1_P__GrID022_LOC_RC005005-5.00x5.00-Modulus_Backward-251028-CRO_197891c8.tiff,copied,Modulus,1.0000,Forward,0.5333
collect_modulus_backward,20260222_210644,C:\Users\Conor O'Brien\Dropbox\03_AML\03 References and Materials\RAW DATA Files\AFM Scans\Particle Density for Fracture Surfaces Verification\102025-CRO\DATA\PEGDA1TPO00SiNP_Sam01_S1\PEGDA01TPO000SiNP_Sam01_S1_P__GrID023_LOC_RC005006-5.00x5.00-Modulus_Backward-251028-CRO.tiff,out\file_collect\collect_20260222_210644_collect_modulus_backward\copied\251028\Backward\PEGDA01TPO000SiNP_Sam01_S1_P__GrID023_LOC_RC005006-5.00x5.00-Modulus_Backward-251028-CRO_211fd865.tiff,copied,Modulus,1.0000,Forward,0.5333
collect_modulus_backward,20260222_210644,C:\Users\Conor O'Brien\Dropbox\03_AML\03 References and Materials\RAW DATA Files\AFM Scans\Particle Density for Fracture Surfaces Verification\102025-CRO\DATA\PEGDA1TPO00SiNP_Sam01_S1\PEGDA01TPO000SiNP_Sam01_S1_P__GrID024_LOC_RC005016-5.00x5.00-Modulus_Backward-251028-CRO.tiff,out\file_collect\collect_20260222_210644_collect_modulus_backward\copied\251028\Backward\PEGDA01TPO000SiNP_Sam01_S1_P__GrID024_LOC_RC005016-5.00x5.00-Modulus_Backward-251028-CRO_6ccfa220.tiff,copied,Modulus,1.0000,Forward,0.5333
collect_modulus_backward,20260222_210644,C:\Users\Conor O'Brien\Dropbox\03_AML\03 References and Materials\RAW DATA Files\AFM Scans\Particle Density for Fracture Surfaces Verification\102025-CRO\DATA\PEGDA1TPO00SiNP_Sam01_S1\PEGDA01TPO000SiNP_Sam01_S1_P__GrID025_LOC_RC005017-5.00x5.00-Modulus_Backward-251029-CRO.tiff,out\file_collect\collect_20260222_210644_collect_modulus_backward\copied\251029\Backward\PEGDA01TPO000SiNP_Sam01_S1_P__GrID025_LOC_RC005017-5.00x5.00-Modulus_Backward-251029-CRO_0147ead6.tiff,copied,Modulus,1.0000,Forward,0.5333
collect_modulus_backward,20260222_210644,C:\Users\Conor O'Brien\Dropbox\03_AML\03 References and Materials\RAW DATA Files\AFM Scans\Particle Density for Fracture Surfaces Verification\102025-CRO\DATA\PEGDA1TPO00SiNP_Sam01_S1\PEGDA01TPO000SiNP_Sam01_S1_P__GrID026_LOC_RC006001-5.00x5.00-Modulus_Backward-251029-CRO.tiff,out\file_collect\collect_20260222_210644_collect_modulus_backward\copied\251029\Backward\PEGDA01TPO000SiNP_Sam01_S1_P__GrID026_LOC_RC006001-5.00x5.00-Modulus_Backward-251029-CRO_c5d55fbc.tiff,copied,Modulus,1.0000,Forward,0.5333
collect_modulus_backward,20260222_210644,C:\Users\Conor O'Brien\Dropbox\03_AML\03 References and Materials\RAW DATA Files\AFM Scans\Particle Density for Fracture Surfaces Verification\102025-CRO\DATA\PEGDA1TPO00SiNP_Sam01_S1\PEGDA01TPO000SiNP_Sam01_S1_P__GrID027_LOC_RC006005-5.00x5.00-Modulus_Backward-251029-CRO.tiff,out\file_collect\collect_20260222_210644_collect_modulus_backward\copied\251029\Backward\PEGDA01TPO000SiNP_Sam01_S1_P__GrID027_LOC_RC006005-5.00x5.00-Modulus_Backward-251029-CRO_f225bd9c.tiff,copied,Modulus,1.0000,Forward,0.5333
collect_modulus_backward,20260222_210644,C:\Users\Conor O'Brien\Dropbox\03_AML\03 References and Materials\RAW DATA Files\AFM Scans\Particle Density for Fracture Surfaces Verification\102025-CRO\DATA\PEGDA1TPO00SiNP_Sam01_S1\PEGDA01TPO000SiNP_Sam01_S1_P__GrID028_LOC_RC006006-5.00x5.00-Modulus_Backward-251029-CRO.tiff,out\file_collect\collect_20260222_210644_collect_modulus_backward\copied\251029\Backward\PEGDA01TPO000SiNP_Sam01_S1_P__GrID028_LOC_RC006006-5.00x5.00-Modulus_Backward-251029-CRO_8fc9e36d.tiff,copied,Modulus,1.0000,Forward,0.5333
collect_modulus_backward,20260222_210644,C:\Users\Conor O'Brien\Dropbox\03_AML\03 References and Materials\RAW DATA Files\AFM Scans\Particle Density for Fracture Surfaces Verification\102025-CRO\DATA\PEGDA1TPO00SiNP_Sam01_S1\PEGDA01TPO000SiNP_Sam01_S1_P__GrID029_LOC_RC006010-5.00x5.00-Modulus_Backward-251029-CRO.tiff,out\file_collect\collect_20260222_210644_collect_modulus_backward\copied\251029\Backward\PEGDA01TPO000SiNP_Sam01_S1_P__GrID029_LOC_RC006010-5.00x5.00-Modulus_Backward-251029-CRO_d0566188.tiff,copied,Modulus,1.0000,Forward,0.5333
collect_modulus_backward,20260222_210644,C:\Users\Conor O'Brien\Dropbox\03_AML\03 References and Materials\RAW DATA Files\AFM Scans\Particle Density for Fracture Surfaces Verification\102025-CRO\DATA\PEGDA1TPO00SiNP_Sam01_S1\PEGDA01TPO000SiNP_Sam01_S1_P__GrID030_LOC_RC006011-5.00x5.00-Modulus_Backward-251029-CRO.tiff,out\file_collect\collect_20260222_210644_collect_modulus_backward\copied\251029\Backward\PEGDA01TPO000SiNP_Sam01_S1_P__GrID030_LOC_RC006011-5.00x5.00-Modulus_Backward-251029-CRO_238ec1b5.tiff,copied,Modulus,1.0000,Forward,0.5333
collect_modulus_backward,20260222_210644,C:\Users\Conor O'Brien\Dropbox\03_AML\03 References and Materials\RAW DATA Files\AFM Scans\Particle Density for Fracture Surfaces Verification\102025-CRO\DATA\PEGDA1TPO00SiNP_Sam01_S1\PEGDA01TPO000SiNP_Sam01_S1_P__GrID031_LOC_RC006012-5.00x5.00-Modulus_Backward-251029-CRO.tiff,out\file_collect\collect_20260222_210644_collect_modulus_backward\copied\251029\Backward\PEGDA01TPO000SiNP_Sam01_S1_P__GrID031_LOC_RC006012-5.00x5.00-Modulus_Backward-251029-CRO_c4ebe72d.tiff,copied,Modulus,1.0000,Forward,0.5333
collect_modulus_backward,20260222_210644,C:\Users\Conor O'Brien\Dropbox\03_AML\03 References and Materials\RAW DATA Files\AFM Scans\Particle Density for Fracture Surfaces Verification\102025-CRO\DATA\PEGDA1TPO00SiNP_Sam01_S1\PEGDA01TPO000SiNP_Sam01_S1_P__GrID032_LOC_RC006016-5.00x5.00-Modulus_Backward-251029-CRO.tiff,out\file_collect\collect_20260222_210644_collect_modulus_backward\copied\251029\Backward\PEGDA01TPO000SiNP_Sam01_S1_P__GrID032_LOC_RC006016-5.00x5.00-Modulus_Backward-251029-CRO_fa75bd50.tiff,copied,Modulus,1.0000,Forward,0.5333
collect_modulus_backward,20260222_210644,C:\Users\Conor O'Brien\Dropbox\03_AML\03 References and Materials\RAW DATA Files\AFM Scans\Particle Density for Fracture Surfaces Verification\102025-CRO\DATA\PEGDA1TPO00SiNP_Sam01_S1\PEGDA01TPO000SiNP_Sam01_S1_P__GrID033_LOC_RC006017-5.00x5.00-Modulus_Backward-251029-CRO.tiff,out\file_collect\collect_20260222_210644_collect_modulus_backward\copied\251029\Backward\PEGDA01TPO000SiNP_Sam01_S1_P__GrID033_LOC_RC006017-5.00x5.00-Modulus_Backward-251029-CRO_8928b090.tiff,copied,Modulus,1.0000,Forward,0.5333
collect_modulus_backward,20260222_210644,C:\Users\Conor O'Brien\Dropbox\03_AML\03 References and Materials\RAW DATA Files\AFM Scans\Particle Density for Fracture Surfaces Verification\102025-CRO\DATA\PEGDA1TPO00SiNP_Sam01_S1\PEGDA01TPO000SiNP_Sam01_S1_P__GrID034_LOC_RC006021-5.00x5.00-Modulus_Backward-251029-CRO.tiff,out\file_collect\collect_20260222_210644_collect_modulus_backward\copied\251029\Backward\PEGDA01TPO000SiNP_Sam01_S1_P__GrID034_LOC_RC006021-5.00x5.00-Modulus_Backward-251029-CRO_5d1db617.tiff,copied,Modulus,1.0000,Forward,0.5333
collect_modulus_backward,20260222_210644,C:\Users\Conor O'Brien\Dropbox\03_AML\03 References and Materials\RAW DATA Files\AFM Scans\Particle Density for Fracture Surfaces Verification\102025-CRO\DATA\PEGDA1TPO00SiNP_Sam01_S1\PEGDA01TPO000SiNP_Sam01_S1_P__GrID035_LOC_RC007003-5.00x5.00-Modulus_Backward-251029-CRO.tiff,out\file_collect\collect_20260222_210644_collect_modulus_backward\copied\251029\Backward\PEGDA01TPO000SiNP_Sam01_S1_P__GrID035_LOC_RC007003-5.00x5.00-Modulus_Backward-251029-CRO_898e3fc2.tiff,copied,Modulus,1.0000,Forward,0.5333
collect_modulus_backward,20260222_210644,C:\Users\Conor O'Brien\Dropbox\03_AML\03 References and Materials\RAW DATA Files\AFM Scans\Particle Density for Fracture Surfaces Verification\102025-CRO\DATA\PEGDA1TPO00SiNP_Sam01_S1\PEGDA01TPO000SiNP_Sam01_S1_P__GrID036_LOC_RC007021-5.00x5.00-Modulus_Backward-251029-CRO.tiff,out\file_collect\collect_20260222_210644_collect_modulus_backward\copied\251029\Backward\PEGDA01TPO000SiNP_Sam01_S1_P__GrID036_LOC_RC007021-5.00x5.00-Modulus_Backward-251029-CRO_6f7fed9d.tiff,copied,Modulus,1.0000,Forward,0.5333
collect_modulus_backward,20260222_210644,C:\Users\Conor O'Brien\Dropbox\03_AML\03 References and Materials\RAW DATA Files\AFM Scans\Particle Density for Fracture Surfaces Verification\102025-CRO\DATA\PEGDA1TPO00SiNP_Sam01_S1\PEGDA01TPO000SiNP_Sam01_S1_P__GrID037_LOC_RC008008-5.00x5.00-Modulus_Backward-251030-CRO.tiff,out\file_collect\collect_20260222_210644_collect_modulus_backward\copied\251030\Backward\PEGDA01TPO000SiNP_Sam01_S1_P__GrID037_LOC_RC008008-5.00x5.00-Modulus_Backward-251030-CRO_93fac9b5.tiff,copied,Modulus,1.0000,Forward,0.5333
collect_modulus_backward,20260222_210644,C:\Users\Conor O'Brien\Dropbox\03_AML\03 References and Materials\RAW DATA Files\AFM Scans\Particle Density for Fracture Surfaces Verification\102025-CRO\DATA\PEGDA1TPO00SiNP_Sam01_S1\PEGDA01TPO000SiNP_Sam01_S1_P__GrID038_LOC_RC008014-5.00x5.00-Modulus_Backward-251030-CRO.tiff,out\file_collect\collect_20260222_210644_collect_modulus_backward\copied\251030\Backward\PEGDA01TPO000SiNP_Sam01_S1_P__GrID038_LOC_RC008014-5.00x5.00-Modulus_Backward-251030-CRO_9c5f55c3.tiff,copied,Modulus,1.0000,Forward,0.5333
collect_modulus_backward,20260222_210644,C:\Users\Conor O'Brien\Dropbox\03_AML\03 References and Materials\RAW DATA Files\AFM Scans\Particle Density for Fracture Surfaces Verification\102025-CRO\DATA\PEGDA1TPO00SiNP_Sam01_S1\PEGDA01TPO000SiNP_Sam01_S1_P__GrID039_LOC_RC008019-5.00x5.00-Modulus_Backward-251030-CRO.tiff,out\file_collect\collect_20260222_210644_collect_modulus_backward\copied\251030\Backward\PEGDA01TPO000SiNP_Sam01_S1_P__GrID039_LOC_RC008019-5.00x5.00-Modulus_Backward-251030-CRO_797a422a.tiff,copied,Modulus,1.0000,Forward,0.5333
collect_modulus_backward,20260222_210644,C:\Users\Conor O'Brien\Dropbox\03_AML\03 References and Materials\RAW DATA Files\AFM Scans\Particle Density for Fracture Surfaces Verification\102025-CRO\DATA\PEGDA1TPO00SiNP_Sam01_S1\PEGDA01TPO000SiNP_Sam01_S1_P__GrID040_LOC_RC010001-5.00x5.00-Modulus_Backward-251030-CRO.tiff,out\file_collect\collect_20260222_210644_collect_modulus_backward\copied\251030\Backward\PEGDA01TPO000SiNP_Sam01_S1_P__GrID040_LOC_RC010001-5.00x5.00-Modulus_Backward-251030-CRO_0aca7b9f.tiff,copied,Modulus,1.0000,Forward,0.5333
collect_modulus_backward,20260222_210644,C:\Users\Conor O'Brien\Dropbox\03_AML\03 References and Materials\RAW DATA Files\AFM Scans\Particle Density for Fracture Surfaces Verification\102025-CRO\DATA\PEGDA1TPO00SiNP_Sam01_S1\PEGDA01TPO000SiNP_Sam01_S1_P__GrID041_LOC_RC010002-5.00x5.00-Modulus_Backward-251030-CRO.tiff,out\file_collect\collect_20260222_210644_collect_modulus_backward\copied\251030\Backward\PEGDA01TPO000SiNP_Sam01_S1_P__GrID041_LOC_RC010002-5.00x5.00-Modulus_Backward-251030-CRO_9564d462.tiff,copied,Modulus,1.0000,Forward,0.5333
collect_modulus_backward,20260222_210644,C:\Users\Conor O'Brien\Dropbox\03_AML\03 References and Materials\RAW DATA Files\AFM Scans\Particle Density for Fracture Surfaces Verification\102025-CRO\DATA\PEGDA1TPO00SiNP_Sam01_S1\PEGDA01TPO000SiNP_Sam01_S1_P__GrID042_LOC_RC010006-5.00x5.00-Modulus_Backward-251030-CRO.tiff,out\file_collect\collect_20260222_210644_collect_modulus_backward\copied\251030\Backward\PEGDA01TPO000SiNP_Sam01_S1_P__GrID042_LOC_RC010006-5.00x5.00-Modulus_Backward-251030-CRO_1f2056b1.tiff,copied,Modulus,1.0000,Forward,0.5333
collect_modulus_backward,20260222_210644,C:\Users\Conor O'Brien\Dropbox\03_AML\03 References and Materials\RAW DATA Files\AFM Scans\Particle Density for Fracture Surfaces Verification\102025-CRO\DATA\PEGDA1TPO00SiNP_Sam01_S1\PEGDA01TPO000SiNP_Sam01_S1_P__GrID043_LOC_RC010010-5.00x5.00-Modulus_Backward-251030-CRO.tiff,out\file_collect\collect_20260222_210644_collect_modulus_backward\copied\251030\Backward\PEGDA01TPO000SiNP_Sam01_S1_P__GrID043_LOC_RC010010-5.00x5.00-Modulus_Backward-251030-CRO_7b0f35d6.tiff,copied,Modulus,1.0000,Forward,0.5333
collect_modulus_backward,20260222_210644,C:\Users\Conor O'Brien\Dropbox\03_AML\03 References and Materials\RAW DATA Files\AFM Scans\Particle Density for Fracture Surfaces Verification\102025-CRO\DATA\PEGDA1TPO00SiNP_Sam01_S1\PEGDA01TPO000SiNP_Sam01_S1_P__GrID044_LOC_RC010011-5.00x5.00-Modulus_Backward-251030-CRO.tiff,out\file_collect\collect_20260222_210644_collect_modulus_backward\copied\251030\Backward\PEGDA01TPO000SiNP_Sam01_S1_P__GrID044_LOC_RC010011-5.00x5.00-Modulus_Backward-251030-CRO_47d42e1c.tiff,copied,Modulus,1.0000,Forward,0.5333
collect_modulus_backward,20260222_210644,C:\Users\Conor O'Brien\Dropbox\03_AML\03 References and Materials\RAW DATA Files\AFM Scans\Particle Density for Fracture Surfaces Verification\102025-CRO\DATA\PEGDA1TPO00SiNP_Sam01_S1\PEGDA01TPO000SiNP_Sam01_S1_P__GrID045_LOC_RC010012-5.00x5.00-Modulus_Backward-251030-CRO.tiff,out\file_collect\collect_20260222_210644_collect_modulus_backward\copied\251030\Backward\PEGDA01TPO000SiNP_Sam01_S1_P__GrID045_LOC_RC010012-5.00x5.00-Modulus_Backward-251030-CRO_4f9d30ad.tiff,copied,Modulus,1.0000,Forward,0.5333
collect_modulus_backward,20260222_210644,C:\Users\Conor O'Brien\Dropbox\03_AML\03 References and Materials\RAW DATA Files\AFM Scans\Particle Density for Fracture Surfaces Verification\102025-CRO\DATA\PEGDA1TPO00SiNP_Sam01_S1\PEGDA01TPO000SiNP_Sam01_S1_P__GrID046_LOC_RC010016-5.00x5.00-Modulus_Backward-251030-CRO.tiff,out\file_collect\collect_20260222_210644_collect_modulus_backward\copied\251030\Backward\PEGDA01TPO000SiNP_Sam01_S1_P__GrID046_LOC_RC010016-5.00x5.00-Modulus_Backward-251030-CRO_de9fea9a.tiff,copied,Modulus,1.0000,Forward,0.5333
collect_modulus_backward,20260222_210644,C:\Users\Conor O'Brien\Dropbox\03_AML\03 References and Materials\RAW DATA Files\AFM Scans\Particle Density for Fracture Surfaces Verification\102025-CRO\DATA\PEGDA1TPO00SiNP_Sam01_S1\PEGDA01TPO000SiNP_Sam01_S1_P__GrID047_LOC_RC010020-5.00x5.00-Modulus_Backward-251030-CRO.tiff,out\file_collect\collect_20260222_210644_collect_modulus_backward\copied\251030\Backward\PEGDA01TPO000SiNP_Sam01_S1_P__GrID047_LOC_RC010020-5.00x5.00-Modulus_Backward-251030-CRO_e815be7f.tiff,copied,Modulus,1.0000,Forward,0.5333
collect_modulus_backward,20260222_210644,C:\Users\Conor O'Brien\Dropbox\03_AML\03 References and Materials\RAW DATA Files\AFM Scans\Particle Density for Fracture Surfaces Verification\102025-CRO\DATA\PEGDA1TPO00SiNP_Sam01_S1\PEGDA01TPO000SiNP_Sam01_S1_P__GrID048_LOC_RC010021-5.00x5.00-Modulus_Backward-251030-CRO.tiff,out\file_collect\collect_20260222_210644_collect_modulus_backward\copied\251030\Backward\PEGDA01TPO000SiNP_Sam01_S1_P__GrID048_LOC_RC010021-5.00x5.00-Modulus_Backward-251030-CRO_d7300cdb.tiff,copied,Modulus,1.0000,Forward,0.5333
collect_modulus_backward,20260222_210644,C:\Users\Conor O'Brien\Dropbox\03_AML\03 References and Materials\RAW DATA Files\AFM Scans\Particle Density for Fracture Surfaces Verification\102025-CRO\DATA\PEGDA1TPO00SiNP_Sam01_S1\PEGDA01TPO000SiNP_Sam01_S1_P__GrID049_LOC_RC011001-5.00x5.00-Modulus_Backward-251030-CRO.tiff,out\file_collect\collect_20260222_210644_collect_modulus_backward\copied\251030\Backward\PEGDA01TPO000SiNP_Sam01_S1_P__GrID049_LOC_RC011001-5.00x5.00-Modulus_Backward-251030-CRO_d87f86f9.tiff,copied,Modulus,1.0000,Forward,0.5333
collect_modulus_backward,20260222_210644,C:\Users\Conor O'Brien\Dropbox\03_AML\03 References and Materials\RAW DATA Files\AFM Scans\Particle Density for Fracture Surfaces Verification\102025-CRO\DATA\PEGDA1TPO00SiNP_Sam01_S1\PEGDA01TPO000SiNP_Sam01_S1_P__GrID050_LOC_RC011002-5.00x5.00-Modulus_Backward-251031-CRO.tiff,out\file_collect\collect_20260222_210644_collect_modulus_backward\copied\251031\Backward\PEGDA01TPO000SiNP_Sam01_S1_P__GrID050_LOC_RC011002-5.00x5.00-Modulus_Backward-251031-CRO_dc9866b7.tiff,copied,Modulus,1.0000,Forward,0.5333
collect_modulus_backward,20260222_210644,C:\Users\Conor O'Brien\Dropbox\03_AML\03 References and Materials\RAW DATA Files\AFM Scans\Particle Density for Fracture Surfaces Verification\102025-CRO\DATA\PEGDA1TPO00SiNP_Sam01_S1\PEGDA01TPO000SiNP_Sam01_S1_P__GrID051_LOC_RC011006-5.00x5.00-Modulus_Backward-251031-CRO.tiff,out\file_collect\collect_20260222_210644_collect_modulus_backward\copied\251031\Backward\PEGDA01TPO000SiNP_Sam01_S1_P__GrID051_LOC_RC011006-5.00x5.00-Modulus_Backward-251031-CRO_49ccf70c.tiff,copied,Modulus,1.0000,Forward,0.5333
collect_modulus_backward,20260222_210644,C:\Users\Conor O'Brien\Dropbox\03_AML\03 References and Materials\RAW DATA Files\AFM Scans\Particle Density for Fracture Surfaces Verification\102025-CRO\DATA\PEGDA1TPO00SiNP_Sam01_S1\PEGDA01TPO000SiNP_Sam01_S1_P__GrID052_LOC_RC011010-5.00x5.00-Modulus_Backward-251031-CRO.tiff,out\file_collect\collect_20260222_210644_collect_modulus_backward\copied\251031\Backward\PEGDA01TPO000SiNP_Sam01_S1_P__GrID052_LOC_RC011010-5.00x5.00-Modulus_Backward-251031-CRO_685b799b.tiff,copied,Modulus,1.0000,Forward,0.5333
collect_modulus_backward,20260222_210644,C:\Users\Conor O'Brien\Dropbox\03_AML\03 References and Materials\RAW DATA Files\AFM Scans\Particle Density for Fracture Surfaces Verification\102025-CRO\DATA\PEGDA1TPO00SiNP_Sam01_S1\PEGDA01TPO000SiNP_Sam01_S1_P__GrID053_LOC_RC011011-5.00x5.00-Modulus_Backward-251031-CRO.tiff,out\file_collect\collect_20260222_210644_collect_modulus_backward\copied\251031\Backward\PEGDA01TPO000SiNP_Sam01_S1_P__GrID053_LOC_RC011011-5.00x5.00-Modulus_Backward-251031-CRO_455aa989.tiff,copied,Modulus,1.0000,Forward,0.5333
collect_modulus_backward,20260222_210644,C:\Users\Conor O'Brien\Dropbox\03_AML\03 References and Materials\RAW DATA Files\AFM Scans\Particle Density for Fracture Surfaces Verification\102025-CRO\DATA\PEGDA1TPO00SiNP_Sam01_S1\PEGDA01TPO000SiNP_Sam01_S1_P__GrID054_LOC_RC011012-5.00x5.00-Modulus_Backward-251031-CRO.tiff,out\file_collect\collect_20260222_210644_collect_modulus_backward\copied\251031\Backward\PEGDA01TPO000SiNP_Sam01_S1_P__GrID054_LOC_RC011012-5.00x5.00-Modulus_Backward-251031-CRO_dcea5ca1.tiff,copied,Modulus,1.0000,Forward,0.5333
collect_modulus_backward,20260222_210644,C:\Users\Conor O'Brien\Dropbox\03_AML\03 References and Materials\RAW DATA Files\AFM Scans\Particle Density for Fracture Surfaces Verification\102025-CRO\DATA\PEGDA1TPO00SiNP_Sam01_S1\PEGDA01TPO000SiNP_Sam01_S1_P__GrID055_LOC_RC011016-5.00x5.00-Modulus_Backward-251031-CRO.tiff,out\file_collect\collect_20260222_210644_collect_modulus_backward\copied\251031\Backward\PEGDA01TPO000SiNP_Sam01_S1_P__GrID055_LOC_RC011016-5.00x5.00-Modulus_Backward-251031-CRO_7b1d54b1.tiff,copied,Modulus,1.0000,Forward,0.5333
collect_modulus_backward,20260222_210644,C:\Users\Conor O'Brien\Dropbox\03_AML\03 References and Materials\RAW DATA Files\AFM Scans\Particle Density for Fracture Surfaces Verification\102025-CRO\DATA\PEGDA1TPO00SiNP_Sam01_S1\PEGDA01TPO000SiNP_Sam01_S1_P__GrID056_LOC_RC011020-5.00x5.00-Modulus_Backward-251031-CRO.tiff,out\file_collect\collect_20260222_210644_collect_modulus_backward\copied\251031\Backward\PEGDA01TPO000SiNP_Sam01_S1_P__GrID056_LOC_RC011020-5.00x5.00-Modulus_Backward-251031-CRO_94169c24.tiff,copied,Modulus,1.0000,Forward,0.5333
collect_modulus_backward,20260222_210644,C:\Users\Conor O'Brien\Dropbox\03_AML\03 References and Materials\RAW DATA Files\AFM Scans\Particle Density for Fracture Surfaces Verification\102025-CRO\DATA\PEGDA1TPO00SiNP_Sam01_S1\PEGDA01TPO000SiNP_Sam01_S1_P__GrID057_LOC_RC011021-5.00x5.00-Modulus_Backward-251031-CRO.tiff,out\file_collect\collect_20260222_210644_collect_modulus_backward\copied\251031\Backward\PEGDA01TPO000SiNP_Sam01_S1_P__GrID057_LOC_RC011021-5.00x5.00-Modulus_Backward-251031-CRO_75498239.tiff,copied,Modulus,1.0000,Forward,0.5333
collect_modulus_backward,20260222_210644,C:\Users\Conor O'Brien\Dropbox\03_AML\03 References and Materials\RAW DATA Files\AFM Scans\Particle Density for Fracture Surfaces Verification\102025-CRO\DATA\PEGDA1TPO00SiNP_Sam01_S1\PEGDA01TPO000SiNP_Sam01_S1_P__GrID058_LOC_RC012001-5.00x5.00-Modulus_Backward-251031-CRO.tiff,out\file_collect\collect_20260222_210644_collect_modulus_backward\copied\251031\Backward\PEGDA01TPO000SiNP_Sam01_S1_P__GrID058_LOC_RC012001-5.00x5.00-Modulus_Backward-251031-CRO_ce88c88f.tiff,copied,Modulus,1.0000,Forward,0.5333
collect_modulus_backward,20260222_210644,C:\Users\Conor O'Brien\Dropbox\03_AML\03 References and Materials\RAW DATA Files\AFM Scans\Particle Density for Fracture Surfaces Verification\102025-CRO\DATA\PEGDA1TPO00SiNP_Sam01_S1\PEGDA01TPO000SiNP_Sam01_S1_P__GrID059_LOC_RC012002-5.00x5.00-Modulus_Backward-251031-CRO.tiff,out\file_collect\collect_20260222_210644_collect_modulus_backward\copied\251031\Backward\PEGDA01TPO000SiNP_Sam01_S1_P__GrID059_LOC_RC012002-5.00x5.00-Modulus_Backward-251031-CRO_2e458130.tiff,copied,Modulus,1.0000,Forward,0.5333
collect_modulus_backward,20260222_210644,C:\Users\Conor O'Brien\Dropbox\03_AML\03 References and Materials\RAW DATA Files\AFM Scans\Particle Density for Fracture Surfaces Verification\102025-CRO\DATA\PEGDA1TPO00SiNP_Sam01_S1\PEGDA01TPO000SiNP_Sam01_S1_P__GrID060_LOC_RC012006-5.00x5.00-Modulus_Backward-251031-CRO.tiff,out\file_collect\collect_20260222_210644_collect_modulus_backward\copied\251031\Backward\PEGDA01TPO000SiNP_Sam01_S1_P__GrID060_LOC_RC012006-5.00x5.00-Modulus_Backward-251031-CRO_10276a16.tiff,copied,Modulus,1.0000,Forward,0.5333
collect_modulus_backward,20260222_210644,C:\Users\Conor O'Brien\Dropbox\03_AML\03 References and Materials\RAW DATA Files\AFM Scans\Particle Density for Fracture Surfaces Verification\102025-CRO\DATA\PEGDA1TPO00SiNP_Sam01_S1\PEGDA01TPO000SiNP_Sam01_S1_P__GrID061_LOC_RC012010-5.00x5.00-Modulus_Backward-251031-CRO.tiff,out\file_collect\collect_20260222_210644_collect_modulus_backward\copied\251031\Backward\PEGDA01TPO000SiNP_Sam01_S1_P__GrID061_LOC_RC012010-5.00x5.00-Modulus_Backward-251031-CRO_300a166c.tiff,copied,Modulus,1.0000,Forward,0.5333
collect_modulus_backward,20260222_210644,C:\Users\Conor O'Brien\Dropbox\03_AML\03 References and Materials\RAW DATA Files\AFM Scans\Particle Density for Fracture Surfaces Verification\102025-CRO\DATA\PEGDA1TPO00SiNP_Sam01_S1\PEGDA01TPO000SiNP_Sam01_S1_P__GrID062_LOC_RC012011-5.00x5.00-Modulus_Backward-251031-CRO.tiff,out\file_collect\collect_20260222_210644_collect_modulus_backward\copied\251031\Backward\PEGDA01TPO000SiNP_Sam01_S1_P__GrID062_LOC_RC012011-5.00x5.00-Modulus_Backward-251031-CRO_70589138.tiff,copied,Modulus,1.0000,Forward,0.5333
collect_modulus_backward,20260222_210644,C:\Users\Conor O'Brien\Dropbox\03_AML\03 References and Materials\RAW DATA Files\AFM Scans\Particle Density for Fracture Surfaces Verification\102025-CRO\DATA\PEGDA1TPO00SiNP_Sam01_S1\PEGDA01TPO000SiNP_Sam01_S1_P__GrID063_LOC_RC012012-5.00x5.00-Modulus_Backward-251101-CRO.tiff,out\file_collect\collect_20260222_210644_collect_modulus_backward\copied\251101\Backward\PEGDA01TPO000SiNP_Sam01_S1_P__GrID063_LOC_RC012012-5.00x5.00-Modulus_Backward-251101-CRO_3ea84ce5.tiff,copied,Modulus,1.0000,Forward,0.5333
collect_modulus_backward,20260222_210644,C:\Users\Conor O'Brien\Dropbox\03_AML\03 References and Materials\RAW DATA Files\AFM Scans\Particle Density for Fracture Surfaces Verification\102025-CRO\DATA\PEGDA1TPO00SiNP_Sam01_S1\PEGDA01TPO000SiNP_Sam01_S1_P__GrID064_LOC_RC012016-5.00x5.00-Modulus_Backward-251101-CRO.tiff,out\file_collect\collect_20260222_210644_collect_modulus_backward\copied\251101\Backward\PEGDA01TPO000SiNP_Sam01_S1_P__GrID064_LOC_RC012016-5.00x5.00-Modulus_Backward-251101-CRO_f392dff8.tiff,copied,Modulus,1.0000,Forward,0.5333
collect_modulus_backward,20260222_210644,C:\Users\Conor O'Brien\Dropbox\03_AML\03 References and Materials\RAW DATA Files\AFM Scans\Particle Density for Fracture Surfaces Verification\102025-CRO\DATA\PEGDA1TPO00SiNP_Sam01_S1\PEGDA01TPO000SiNP_Sam01_S1_P__GrID065_LOC_RC012020-5.00x5.00-Modulus_Backward-251101-CRO.tiff,out\file_collect\collect_20260222_210644_collect_modulus_backward\copied\251101\Backward\PEGDA01TPO000SiNP_Sam01_S1_P__GrID065_LOC_RC012020-5.00x5.00-Modulus_Backward-251101-CRO_0a7fad5a.tiff,copied,Modulus,1.0000,Forward,0.5333
collect_modulus_backward,20260222_210644,C:\Users\Conor O'Brien\Dropbox\03_AML\03 References and Materials\RAW DATA Files\AFM Scans\Particle Density for Fracture Surfaces Verification\102025-CRO\DATA\PEGDA1TPO00SiNP_Sam01_S1\PEGDA01TPO000SiNP_Sam01_S1_P__GrID066_LOC_RC012021-5.00x5.00-Modulus_Backward-251101-CRO.tiff,out\file_collect\collect_20260222_210644_collect_modulus_backward\copied\251101\Backward\PEGDA01TPO000SiNP_Sam01_S1_P__GrID066_LOC_RC012021-5.00x5.00-Modulus_Backward-251101-CRO_db24f799.tiff,copied,Modulus,1.0000,Forward,0.5333
collect_modulus_backward,20260222_210644,C:\Users\Conor O'Brien\Dropbox\03_AML\03 References and Materials\RAW DATA Files\AFM Scans\Particle Density for Fracture Surfaces Verification\102025-CRO\DATA\PEGDA1TPO00SiNP_Sam01_S1\PEGDA01TPO000SiNP_Sam01_S1_P__GrID067_LOC_RC014003-5.00x5.00-Modulus_Backward-251101-CRO.tiff,out\file_collect\collect_20260222_210644_collect_modulus_backward\copied\251101\Backward\PEGDA01TPO000SiNP_Sam01_S1_P__GrID067_LOC_RC014003-5.00x5.00-Modulus_Backward-251101-CRO_7075b21b.tiff,copied,Modulus,1.0000,Forward,0.5333
collect_modulus_backward,20260222_210644,C:\Users\Conor O'Brien\Dropbox\03_AML\03 References and Materials\RAW DATA Files\AFM Scans\Particle Density for Fracture Surfaces Verification\102025-CRO\DATA\PEGDA1TPO00SiNP_Sam01_S1\PEGDA01TPO000SiNP_Sam01_S1_P__GrID068_LOC_RC014008-5.00x5.00-Modulus_Backward-251101-CRO.tiff,out\file_collect\collect_20260222_210644_collect_modulus_backward\copied\251101\Backward\PEGDA01TPO000SiNP_Sam01_S1_P__GrID068_LOC_RC014008-5.00x5.00-Modulus_Backward-251101-CRO_c3cea234.tiff,copied,Modulus,1.0000,Forward,0.5333
collect_modulus_backward,20260222_210644,C:\Users\Conor O'Brien\Dropbox\03_AML\03 References and Materials\RAW DATA Files\AFM Scans\Particle Density for Fracture Surfaces Verification\102025-CRO\DATA\PEGDA1TPO00SiNP_Sam01_S1\PEGDA01TPO000SiNP_Sam01_S1_P__GrID069_LOC_RC014014-5.00x5.00-Modulus_Backward-251101-CRO.tiff,out\file_collect\collect_20260222_210644_collect_modulus_backward\copied\251101\Backward\PEGDA01TPO000SiNP_Sam01_S1_P__GrID069_LOC_RC014014-5.00x5.00-Modulus_Backward-251101-CRO_d47b1701.tiff,copied,Modulus,1.0000,Forward,0.5333
collect_modulus_backward,20260222_210644,C:\Users\Conor O'Brien\Dropbox\03_AML\03 References and Materials\RAW DATA Files\AFM Scans\Particle Density for Fracture Surfaces Verification\102025-CRO\DATA\PEGDA1TPO00SiNP_Sam01_S1\PEGDA01TPO000SiNP_Sam01_S1_P__GrID070_LOC_RC014019-5.00x5.00-Modulus_Backward-251101-CRO.tiff,out\file_collect\collect_20260222_210644_collect_modulus_backward\copied\251101\Backward\PEGDA01TPO000SiNP_Sam01_S1_P__GrID070_LOC_RC014019-5.00x5.00-Modulus_Backward-251101-CRO_3965c473.tiff,copied,Modulus,1.0000,Forward,0.5333
collect_modulus_backward,20260222_210644,C:\Users\Conor O'Brien\Dropbox\03_AML\03 References and Materials\RAW DATA Files\AFM Scans\Particle Density for Fracture Surfaces Verification\102025-CRO\DATA\PEGDA1TPO00SiNP_Sam01_S1\PEGDA01TPO000SiNP_Sam01_S1_P__GrID071_LOC_RC016001-5.00x5.00-Modulus_Backward-251101-CRO.tiff,out\file_collect\collect_20260222_210644_collect_modulus_backward\copied\251101\Backward\PEGDA01TPO000SiNP_Sam01_S1_P__GrID071_LOC_RC016001-5.00x5.00-Modulus_Backward-251101-CRO_fff4ad04.tiff,copied,Modulus,1.0000,Forward,0.5333
collect_modulus_backward,20260222_210644,C:\Users\Conor O'Brien\Dropbox\03_AML\03 References and Materials\RAW DATA Files\AFM Scans\Particle Density for Fracture Surfaces Verification\102025-CRO\DATA\PEGDA1TPO00SiNP_Sam01_S1\PEGDA01TPO000SiNP_Sam01_S1_P__GrID072_LOC_RC016005-5.00x5.00-Modulus_Backward-251101-CRO.tiff,out\file_collect\collect_20260222_210644_collect_modulus_backward\copied\251101\Backward\PEGDA01TPO000SiNP_Sam01_S1_P__GrID072_LOC_RC016005-5.00x5.00-Modulus_Backward-251101-CRO_d553c811.tiff,copied,Modulus,1.0000,Forward,0.5333
collect_modulus_backward,20260222_210644,C:\Users\Conor O'Brien\Dropbox\03_AML\03 References and Materials\RAW DATA Files\AFM Scans\Particle Density for Fracture Surfaces Verification\102025-CRO\DATA\PEGDA1TPO00SiNP_Sam01_S1\PEGDA01TPO000SiNP_Sam01_S1_P__GrID073_LOC_RC016006-5.00x5.00-Modulus_Backward-251101-CRO.tiff,out\file_collect\collect_20260222_210644_collect_modulus_backward\copied\251101\Backward\PEGDA01TPO000SiNP_Sam01_S1_P__GrID073_LOC_RC016006-5.00x5.00-Modulus_Backward-251101-CRO_127ea445.tiff,copied,Modulus,1.0000,Forward,0.5333
collect_modulus_backward,20260222_210644,C:\Users\Conor O'Brien\Dropbox\03_AML\03 References and Materials\RAW DATA Files\AFM Scans\Particle Density for Fracture Surfaces Verification\102025-CRO\DATA\PEGDA1TPO00SiNP_Sam01_S1\PEGDA01TPO000SiNP_Sam01_S1_P__GrID074_LOC_RC016010-5.00x5.00-Modulus_Backward-251101-CRO.tiff,out\file_collect\collect_20260222_210644_collect_modulus_backward\copied\251101\Backward\PEGDA01TPO000SiNP_Sam01_S1_P__GrID074_LOC_RC016010-5.00x5.00-Modulus_Backward-251101-CRO_a0c9fbee.tiff,copied,Modulus,1.0000,Forward,0.5333
collect_modulus_backward,20260222_210644,C:\Users\Conor O'Brien\Dropbox\03_AML\03 References and Materials\RAW DATA Files\AFM Scans\Particle Density for Fracture Surfaces Verification\102025-CRO\DATA\PEGDA1TPO00SiNP_Sam01_S1\PEGDA01TPO000SiNP_Sam01_S1_P__GrID075_LOC_RC016011-5.00x5.00-Modulus_Backward-251101-CRO.tiff,out\file_collect\collect_20260222_210644_collect_modulus_backward\copied\251101\Backward\PEGDA01TPO000SiNP_Sam01_S1_P__GrID075_LOC_RC016011-5.00x5.00-Modulus_Backward-251101-CRO_d1009cff.tiff,copied,Modulus,1.0000,Forward,0.5333
collect_modulus_backward,20260222_210644,C:\Users\Conor O'Brien\Dropbox\03_AML\03 References and Materials\RAW DATA Files\AFM Scans\Particle Density for Fracture Surfaces Verification\102025-CRO\DATA\PEGDA1TPO00SiNP_Sam01_S1\PEGDA01TPO000SiNP_Sam01_S1_P__GrID076_LOC_RC016012-5.00x5.00-Modulus_Backward-251102-CRO.tiff,out\file_collect\collect_20260222_210644_collect_modulus_backward\copied\251102\Backward\PEGDA01TPO000SiNP_Sam01_S1_P__GrID076_LOC_RC016012-5.00x5.00-Modulus_Backward-251102-CRO_be40d91a.tiff,copied,Modulus,1.0000,Forward,0.5333
collect_modulus_backward,20260222_210644,C:\Users\Conor O'Brien\Dropbox\03_AML\03 References and Materials\RAW DATA Files\AFM Scans\Particle Density for Fracture Surfaces Verification\102025-CRO\DATA\PEGDA1TPO00SiNP_Sam01_S1\PEGDA01TPO000SiNP_Sam01_S1_P__GrID077_LOC_RC016016-5.00x5.00-Modulus_Backward-251102-CRO.tiff,out\file_collect\collect_20260222_210644_collect_modulus_backward\copied\251102\Backward\PEGDA01TPO000SiNP_Sam01_S1_P__GrID077_LOC_RC016016-5.00x5.00-Modulus_Backward-251102-CRO_3634df40.tiff,copied,Modulus,1.0000,Forward,0.5333
collect_modulus_backward,20260222_210644,C:\Users\Conor O'Brien\Dropbox\03_AML\03 References and Materials\RAW DATA Files\AFM Scans\Particle Density for Fracture Surfaces Verification\102025-CRO\DATA\PEGDA1TPO00SiNP_Sam01_S1\PEGDA01TPO000SiNP_Sam01_S1_P__GrID078_LOC_RC016017-5.00x5.00-Modulus_Backward-251102-CRO.tiff,out\file_collect\collect_20260222_210644_collect_modulus_backward\copied\251102\Backward\PEGDA01TPO000SiNP_Sam01_S1_P__GrID078_LOC_RC016017-5.00x5.00-Modulus_Backward-251102-CRO_91b19784.tiff,copied,Modulus,1.0000,Forward,0.5333
collect_modulus_backward,20260222_210644,C:\Users\Conor O'Brien\Dropbox\03_AML\03 References and Materials\RAW DATA Files\AFM Scans\Particle Density for Fracture Surfaces Verification\102025-CRO\DATA\PEGDA1TPO00SiNP_Sam01_S1\PEGDA01TPO000SiNP_Sam01_S1_P__GrID079_LOC_RC016021-5.00x5.00-Modulus_Backward-251102-CRO.tiff,out\file_collect\collect_20260222_210644_collect_modulus_backward\copied\251102\Backward\PEGDA01TPO000SiNP_Sam01_S1_P__GrID079_LOC_RC016021-5.00x5.00-Modulus_Backward-251102-CRO_8280eede.tiff,copied,Modulus,1.0000,Forward,0.5333
collect_modulus_backward,20260222_210644,C:\Users\Conor O'Brien\Dropbox\03_AML\03 References and Materials\RAW DATA Files\AFM Scans\Particle Density for Fracture Surfaces Verification\102025-CRO\DATA\PEGDA1TPO00SiNP_Sam01_S1\PEGDA01TPO000SiNP_Sam01_S1_P__GrID080_LOC_RC017001-5.00x5.00-Modulus_Backward-251102-CRO.tiff,out\file_collect\collect_20260222_210644_collect_modulus_backward\copied\251102\Backward\PEGDA01TPO000SiNP_Sam01_S1_P__GrID080_LOC_RC017001-5.00x5.00-Modulus_Backward-251102-CRO_18ee99bd.tiff,copied,Modulus,1.0000,Forward,0.5333
collect_modulus_backward,20260222_210644,C:\Users\Conor O'Brien\Dropbox\03_AML\03 References and Materials\RAW DATA Files\AFM Scans\Particle Density for Fracture Surfaces Verification\102025-CRO\DATA\PEGDA1TPO00SiNP_Sam01_S1\PEGDA01TPO000SiNP_Sam01_S1_P__GrID081_LOC_RC017005-5.00x5.00-Modulus_Backward-251102-CRO.tiff,out\file_collect\collect_20260222_210644_collect_modulus_backward\copied\251102\Backward\PEGDA01TPO000SiNP_Sam01_S1_P__GrID081_LOC_RC017005-5.00x5.00-Modulus_Backward-251102-CRO_0f2f14a7.tiff,copied,Modulus,1.0000,Forward,0.5333
collect_modulus_backward,20260222_210644,C:\Users\Conor O'Brien\Dropbox\03_AML\03 References and Materials\RAW DATA Files\AFM Scans\Particle Density for Fracture Surfaces Verification\102025-CRO\DATA\PEGDA1TPO00SiNP_Sam01_S1\PEGDA01TPO000SiNP_Sam01_S1_P__GrID082_LOC_RC017006-5.00x5.00-Modulus_Backward-251102-CRO.tiff,out\file_collect\collect_20260222_210644_collect_modulus_backward\copied\251102\Backward\PEGDA01TPO000SiNP_Sam01_S1_P__GrID082_LOC_RC017006-5.00x5.00-Modulus_Backward-251102-CRO_6646514c.tiff,copied,Modulus,1.0000,Forward,0.5333
collect_modulus_backward,20260222_210644,C:\Users\Conor O'Brien\Dropbox\03_AML\03 References and Materials\RAW DATA Files\AFM Scans\Particle Density for Fracture Surfaces Verification\102025-CRO\DATA\PEGDA1TPO00SiNP_Sam01_S1\PEGDA01TPO000SiNP_Sam01_S1_P__GrID083_LOC_RC017016-5.00x5.00-Modulus_Backward-251102-CRO.tiff,out\file_collect\collect_20260222_210644_collect_modulus_backward\copied\251102\Backward\PEGDA01TPO000SiNP_Sam01_S1_P__GrID083_LOC_RC017016-5.00x5.00-Modulus_Backward-251102-CRO_97bc69ab.tiff,copied,Modulus,1.0000,Forward,0.5333
collect_modulus_backward,20260222_210644,C:\Users\Conor O'Brien\Dropbox\03_AML\03 References and Materials\RAW DATA Files\AFM Scans\Particle Density for Fracture Surfaces Verification\102025-CRO\DATA\PEGDA1TPO00SiNP_Sam01_S1\PEGDA01TPO000SiNP_Sam01_S1_P__GrID084_LOC_RC017017-5.00x5.00-Modulus_Backward-251102-CRO.tiff,out\file_collect\collect_20260222_210644_collect_modulus_backward\copied\251102\Backward\PEGDA01TPO000SiNP_Sam01_S1_P__GrID084_LOC_RC017017-5.00x5.00-Modulus_Backward-251102-CRO_fde8ffd4.tiff,copied,Modulus,1.0000,Forward,0.5333
collect_modulus_backward,20260222_210644,C:\Users\Conor O'Brien\Dropbox\03_AML\03 References and Materials\RAW DATA Files\AFM Scans\Particle Density for Fracture Surfaces Verification\102025-CRO\DATA\PEGDA1TPO00SiNP_Sam01_S1\PEGDA01TPO000SiNP_Sam01_S1_P__GrID085_LOC_RC017021-5.00x5.00-Modulus_Backward-251102-CRO.tiff,out\file_collect\collect_20260222_210644_collect_modulus_backward\copied\251102\Backward\PEGDA01TPO000SiNP_Sam01_S1_P__GrID085_LOC_RC017021-5.00x5.00-Modulus_Backward-251102-CRO_0cd31c1b.tiff,copied,Modulus,1.0000,Forward,0.5333
collect_modulus_backward,20260222_210644,C:\Users\Conor O'Brien\Dropbox\03_AML\03 References and Materials\RAW DATA Files\AFM Scans\Particle Density for Fracture Surfaces Verification\102025-CRO\DATA\PEGDA1TPO00SiNP_Sam01_S1\PEGDA01TPO000SiNP_Sam01_S1_P__GrID086_LOC_RC019008-5.00x5.00-Modulus_Backward-251102-CRO.tiff,out\file_collect\collect_20260222_210644_collect_modulus_backward\copied\251102\Backward\PEGDA01TPO000SiNP_Sam01_S1_P__GrID086_LOC_RC019008-5.00x5.00-Modulus_Backward-251102-CRO_01de43bd.tiff,copied,Modulus,1.0000,Forward,0.5333
collect_modulus_backward,20260222_210644,C:\Users\Conor O'Brien\Dropbox\03_AML\03 References and Materials\RAW DATA Files\AFM Scans\Particle Density for Fracture Surfaces Verification\102025-CRO\DATA\PEGDA1TPO00SiNP_Sam01_S1\PEGDA01TPO000SiNP_Sam01_S1_P__GrID087_LOC_RC019014-5.00x5.00-Modulus_Backward-251102-CRO.tiff,out\file_collect\collect_20260222_210644_collect_modulus_backward\copied\251102\Backward\PEGDA01TPO000SiNP_Sam01_S1_P__GrID087_LOC_RC019014-5.00x5.00-Modulus_Backward-251102-CRO_d5cfba62.tiff,copied,Modulus,1.0000,Forward,0.5333
collect_modulus_backward,20260222_210644,C:\Users\Conor O'Brien\Dropbox\03_AML\03 References and Materials\RAW DATA Files\AFM Scans\Particle Density for Fracture Surfaces Verification\102025-CRO\DATA\PEGDA1TPO00SiNP_Sam01_S1\PEGDA01TPO000SiNP_Sam01_S1_P__GrID088_LOC_RC020001-5.00x5.00-Modulus_Backward-251102-CRO.tiff,out\file_collect\collect_20260222_210644_collect_modulus_backward\copied\251102\Backward\PEGDA01TPO000SiNP_Sam01_S1_P__GrID088_LOC_RC020001-5.00x5.00-Modulus_Backward-251102-CRO_230075e7.tiff,copied,Modulus,1.0000,Forward,0.5333
collect_modulus_backward,20260222_210644,C:\Users\Conor O'Brien\Dropbox\03_AML\03 References and Materials\RAW DATA Files\AFM Scans\Particle Density for Fracture Surfaces Verification\102025-CRO\DATA\PEGDA1TPO00SiNP_Sam01_S1\PEGDA01TPO000SiNP_Sam01_S1_P__GrID089_LOC_RC020002-5.00x5.00-Modulus_Backward-251102-CRO.tiff,out\file_collect\collect_20260222_210644_collect_modulus_backward\copied\251102\Backward\PEGDA01TPO000SiNP_Sam01_S1_P__GrID089_LOC_RC020002-5.00x5.00-Modulus_Backward-251102-CRO_db04b8f4.tiff,copied,Modulus,1.0000,Forward,0.5333
collect_modulus_backward,20260222_210644,C:\Users\Conor O'Brien\Dropbox\03_AML\03 References and Materials\RAW DATA Files\AFM Scans\Particle Density for Fracture Surfaces Verification\102025-CRO\DATA\PEGDA1TPO00SiNP_Sam01_S1\PEGDA01TPO000SiNP_Sam01_S1_P__GrID090_LOC_RC020010-5.00x5.00-Modulus_Backward-251103-CRO.tiff,out\file_collect\collect_20260222_210644_collect_modulus_backward\copied\251103\Backward\PEGDA01TPO000SiNP_Sam01_S1_P__GrID090_LOC_RC020010-5.00x5.00-Modulus_Backward-251103-CRO_fa35efcd.tiff,copied,Modulus,1.0000,Forward,0.5333
collect_modulus_backward,20260222_210644,C:\Users\Conor O'Brien\Dropbox\03_AML\03 References and Materials\RAW DATA Files\AFM Scans\Particle Density for Fracture Surfaces Verification\102025-CRO\DATA\PEGDA1TPO00SiNP_Sam01_S1\PEGDA01TPO000SiNP_Sam01_S1_P__GrID091_LOC_RC020011-5.00x5.00-Modulus_Backward-251103-CRO.tiff,out\file_collect\collect_20260222_210644_collect_modulus_backward\copied\251103\Backward\PEGDA01TPO000SiNP_Sam01_S1_P__GrID091_LOC_RC020011-5.00x5.00-Modulus_Backward-251103-CRO_d9f042dd.tiff,copied,Modulus,1.0000,Forward,0.5333
collect_modulus_backward,20260222_210644,C:\Users\Conor O'Brien\Dropbox\03_AML\03 References and Materials\RAW DATA Files\AFM Scans\Particle Density for Fracture Surfaces Verification\102025-CRO\DATA\PEGDA1TPO00SiNP_Sam01_S1\PEGDA01TPO000SiNP_Sam01_S1_P__GrID092_LOC_RC020012-5.00x5.00-Modulus_Backward-251103-CRO.tiff,out\file_collect\collect_20260222_210644_collect_modulus_backward\copied\251103\Backward\PEGDA01TPO000SiNP_Sam01_S1_P__GrID092_LOC_RC020012-5.00x5.00-Modulus_Backward-251103-CRO_edff3c04.tiff,copied,Modulus,1.0000,Forward,0.5333
collect_modulus_backward,20260222_210644,C:\Users\Conor O'Brien\Dropbox\03_AML\03 References and Materials\RAW DATA Files\AFM Scans\Particle Density for Fracture Surfaces Verification\102025-CRO\DATA\PEGDA1TPO00SiNP_Sam01_S1\PEGDA01TPO000SiNP_Sam01_S1_P__GrID093_LOC_RC020020-5.00x5.00-Modulus_Backward-251103-CRO.tiff,out\file_collect\collect_20260222_210644_collect_modulus_backward\copied\251103\Backward\PEGDA01TPO000SiNP_Sam01_S1_P__GrID093_LOC_RC020020-5.00x5.00-Modulus_Backward-251103-CRO_43b5d981.tiff,copied,Modulus,1.0000,Forward,0.5333
collect_modulus_backward,20260222_210644,C:\Users\Conor O'Brien\Dropbox\03_AML\03 References and Materials\RAW DATA Files\AFM Scans\Particle Density for Fracture Surfaces Verification\102025-CRO\DATA\PEGDA1TPO00SiNP_Sam01_S1\PEGDA01TPO000SiNP_Sam01_S1_P__GrID094_LOC_RC020021-5.00x5.00-Modulus_Backward-251103-CRO.tiff,out\file_collect\collect_20260222_210644_collect_modulus_backward\copied\251103\Backward\PEGDA01TPO000SiNP_Sam01_S1_P__GrID094_LOC_RC020021-5.00x5.00-Modulus_Backward-251103-CRO_f999aea1.tiff,copied,Modulus,1.0000,Forward,0.5333
collect_modulus_backward,20260222_210644,C:\Users\Conor O'Brien\Dropbox\03_AML\03 References and Materials\RAW DATA Files\AFM Scans\Particle Density for Fracture Surfaces Verification\102025-CRO\DATA\PEGDA1TPO00SiNP_Sam01_S1\PEGDA01TPO000SiNP_Sam01_S1_P__GrID095_LOC_RC021001-5.00x5.00-Modulus_Backward-251103-CRO.tiff,out\file_collect\collect_20260222_210644_collect_modulus_backward\copied\251103\Backward\PEGDA01TPO000SiNP_Sam01_S1_P__GrID095_LOC_RC021001-5.00x5.00-Modulus_Backward-251103-CRO_3886dac5.tiff,copied,Modulus,1.0000,Forward,0.5333
collect_modulus_backward,20260222_210644,C:\Users\Conor O'Brien\Dropbox\03_AML\03 References and Materials\RAW DATA Files\AFM Scans\Particle Density for Fracture Surfaces Verification\102025-CRO\DATA\PEGDA1TPO00SiNP_Sam01_S1\PEGDA01TPO000SiNP_Sam01_S1_P__GrID096_LOC_RC021002-5.00x5.00-Modulus_Backward-251103-CRO.tiff,out\file_collect\collect_20260222_210644_collect_modulus_backward\copied\251103\Backward\PEGDA01TPO000SiNP_Sam01_S1_P__GrID096_LOC_RC021002-5.00x5.00-Modulus_Backward-251103-CRO_7910925f.tiff,copied,Modulus,1.0000,Forward,0.5333
collect_modulus_backward,20260222_210644,C:\Users\Conor O'Brien\Dropbox\03_AML\03 References and Materials\RAW DATA Files\AFM Scans\Particle Density for Fracture Surfaces Verification\102025-CRO\DATA\PEGDA1TPO00SiNP_Sam01_S1\PEGDA01TPO000SiNP_Sam01_S1_P__GrID097_LOC_RC021005-5.00x5.00-Modulus_Backward-251103-CRO.tiff,out\file_collect\collect_20260222_210644_collect_modulus_backward\copied\251103\Backward\PEGDA01TPO000SiNP_Sam01_S1_P__GrID097_LOC_RC021005-5.00x5.00-Modulus_Backward-251103-CRO_977d0d19.tiff,copied,Modulus,1.0000,Forward,0.5333
collect_modulus_backward,20260222_210644,C:\Users\Conor O'Brien\Dropbox\03_AML\03 References and Materials\RAW DATA Files\AFM Scans\Particle Density for Fracture Surfaces Verification\102025-CRO\DATA\PEGDA1TPO00SiNP_Sam01_S1\PEGDA01TPO000SiNP_Sam01_S1_P__GrID098_LOC_RC021006-5.00x5.00-Modulus_Backward-251103-CRO.tiff,out\file_collect\collect_20260222_210644_collect_modulus_backward\copied\251103\Backward\PEGDA01TPO000SiNP_Sam01_S1_P__GrID098_LOC_RC021006-5.00x5.00-Modulus_Backward-251103-CRO_224461c7.tiff,copied,Modulus,1.0000,Forward,0.5333
collect_modulus_backward,20260222_210644,C:\Users\Conor O'Brien\Dropbox\03_AML\03 References and Materials\RAW DATA Files\AFM Scans\Particle Density for Fracture Surfaces Verification\102025-CRO\DATA\PEGDA1TPO00SiNP_Sam01_S1\PEGDA01TPO000SiNP_Sam01_S1_P__GrID099_LOC_RC021010-5.00x5.00-Modulus_Backward-251103-CRO.tiff,out\file_collect\collect_20260222_210644_collect_modulus_backward\copied\251103\Backward\PEGDA01TPO000SiNP_Sam01_S1_P__GrID099_LOC_RC021010-5.00x5.00-Modulus_Backward-251103-CRO_7968f355.tiff,copied,Modulus,1.0000,Forward,0.5333
collect_modulus_backward,20260222_210644,C:\Users\Conor O'Brien\Dropbox\03_AML\03 References and Materials\RAW DATA Files\AFM Scans\Particle Density for Fracture Surfaces Verification\102025-CRO\DATA\PEGDA1TPO00SiNP_Sam01_S1\PEGDA01TPO000SiNP_Sam01_S1_P__GrID100_LOC_RC021011-5.00x5.00-Modulus_Backward-251103-CRO.tiff,out\file_collect\collect_20260222_210644_collect_modulus_backward\copied\251103\Backward\PEGDA01TPO000SiNP_Sam01_S1_P__GrID100_LOC_RC021011-5.00x5.00-Modulus_Backward-251103-CRO_48a14019.tiff,copied,Modulus,1.0000,Forward,0.5333
collect_modulus_backward,20260222_210644,C:\Users\Conor O'Brien\Dropbox\03_AML\03 References and Materials\RAW DATA Files\AFM Scans\Particle Density for Fracture Surfaces Verification\102025-CRO\DATA\PEGDA1TPO00SiNP_Sam01_S1\PEGDA01TPO000SiNP_Sam01_S1_P__GrID101_LOC_RC021012-5.00x5.00-Modulus_Backward-251103-CRO.tiff,out\file_collect\collect_20260222_210644_collect_modulus_backward\copied\251103\Backward\PEGDA01TPO000SiNP_Sam01_S1_P__GrID101_LOC_RC021012-5.00x5.00-Modulus_Backward-251103-CRO_736e0c21.tiff,copied,Modulus,1.0000,Forward,0.5333
collect_modulus_backward,20260222_210644,C:\Users\Conor O'Brien\Dropbox\03_AML\03 References and Materials\RAW DATA Files\AFM Scans\Particle Density for Fracture Surfaces Verification\102025-CRO\DATA\PEGDA1TPO00SiNP_Sam01_S1\PEGDA01TPO000SiNP_Sam01_S1_P__GrID102_LOC_RC021016-5.00x5.00-Modulus_Backward-251103-CRO.tiff,out\file_collect\collect_20260222_210644_collect_modulus_backward\copied\251103\Backward\PEGDA01TPO000SiNP_Sam01_S1_P__GrID102_LOC_RC021016-5.00x5.00-Modulus_Backward-251103-CRO_02c0dbcb.tiff,copied,Modulus,1.0000,Forward,0.5333
collect_modulus_backward,20260222_210644,C:\Users\Conor O'Brien\Dropbox\03_AML\03 References and Materials\RAW DATA Files\AFM Scans\Particle Density for Fracture Surfaces Verification\102025-CRO\DATA\PEGDA1TPO00SiNP_Sam01_S1\PEGDA01TPO000SiNP_Sam01_S1_P__GrID103_LOC_RC021017-5.00x5.00-Modulus_Backward-251104-CRO.tiff,out\file_collect\collect_20260222_210644_collect_modulus_backward\copied\251104\Backward\PEGDA01TPO000SiNP_Sam01_S1_P__GrID103_LOC_RC021017-5.00x5.00-Modulus_Backward-251104-CRO_fa16fa19.tiff,copied,Modulus,1.0000,Forward,0.5333
collect_modulus_backward,20260222_210644,C:\Users\Conor O'Brien\Dropbox\03_AML\03 References and Materials\RAW DATA Files\AFM Scans\Particle Density for Fracture Surfaces Verification\102025-CRO\DATA\PEGDA1TPO00SiNP_Sam01_S1\PEGDA01TPO000SiNP_Sam01_S1_P__GrID104_LOC_RC021020-5.00x5.00-Modulus_Backward-251104-CRO.tiff,out\file_collect\collect_20260222_210644_collect_modulus_backward\copied\251104\Backward\PEGDA01TPO000SiNP_Sam01_S1_P__GrID104_LOC_RC021020-5.00x5.00-Modulus_Backward-251104-CRO_ef9cdeea.tiff,copied,Modulus,1.0000,Forward,0.5333
collect_modulus_backward,20260222_210644,C:\Users\Conor O'Brien\Dropbox\03_AML\03 References and Materials\RAW DATA Files\AFM Scans\Particle Density for Fracture Surfaces Verification\102025-CRO\DATA\PEGDA1TPO00SiNP_Sam01_S1\PEGDA01TPO000SiNP_Sam01_S1_P__GrID105_LOC_RC021021-5.00x5.00-Modulus_Backward-251104-CRO.tiff,out\file_collect\collect_20260222_210644_collect_modulus_backward\copied\251104\Backward\PEGDA01TPO000SiNP_Sam01_S1_P__GrID105_LOC_RC021021-5.00x5.00-Modulus_Backward-251104-CRO_c2c78834.tiff,copied,Modulus,1.0000,Forward,0.5333
